text,category
Regular exercise and a balanced diet are essential for maintaining good health,health
The stock market reached record highs this quarter due to strong corporate earnings,finance
The home team won the championship after an intense overtime period,sports
Artificial intelligence is revolutionizing how we interact with digital devices.,technology
Patients should consult their doctor before starting any new medication,health
Investors are diversifying their portfolios to manage risk in volatile markets,finance
he Olympic athletes trained for years to compete at the international level.,sports
Blockchain technology has the potential to transform financial transactions,technology
Getting adequate sleep is crucial for both physical and mental well-being,health
any companies are adopting cloud computing to improve efficiency and scalabilit,technology